[{"user": 101, "prediction": 1, "model": "base", "actual": 0}, {"user": 137, "prediction": 1, "model": "KNN", "actual": 0}, {"user": 117, "prediction": 1, "model": "KNN", "actual": 1}, {"user": 183, "prediction": 0, "model": "KNN", "actual": 0}, {"user": 122, "prediction": 0, "model": "KNN", "actual": 0}, {"user": 178, "prediction": 1, "model": "KNN", "actual": 1}, {"user": 155, "prediction": 0, "model": "KNN", "actual": 1}, {"user": 116, "prediction": 0, "model": "KNN", "actual": 0}, {"user": 133, "prediction": 1, "model": "KNN", "actual": 1}, {"user": 186, "prediction": 0, "model": "KNN", "actual": 0}, {"user": 191, "prediction": 0, "model": "KNN", "actual": 1}, {"user": 146, "prediction": 0, "model": "KNN", "actual": 1}, {"user": 198, "prediction": 1, "model": "KNN", "actual": 0}, {"user": 182, "prediction": 0, "model": "KNN", "actual": 0}, {"user": 159, "prediction": 0, "model": "KNN", "actual": 1}, {"user": 154, "prediction": 1, "model": "KNN", "actual": 0}, {"user": 167, "prediction": 0, "model": "KNN", "actual": 1}, {"user": 125, "prediction": 0, "model": "KNN", "actual": 0}, {"user": 185, "prediction": 1, "model": "KNN", "actual": 1}, {"user": 153, "prediction": 1, "model": "KNN", "actual": 0}, {"user": 160, "prediction": 0, "model": "KNN", "actual": 1}, {"user": 166, "prediction": 0, "model": "KNN", "actual": 1}, {"user": 144, "prediction": 0, "model": "KNN", "actual": 0}, {"user": 119, "prediction": 0, "model": "KNN", "actual": 1}, {"user": 142, "prediction": 0, "model": "KNN", "actual": 0}, {"user": 189, "prediction": 0, "model": "KNN", "actual": 1}, {"user": 124, "prediction": 0, "model": "KNN", "actual": 0}, {"user": 147, "prediction": 0, "model": "KNN", "actual": 0}, {"user": 161, "prediction": 1, "model": "KNN", "actual": 1}, {"user": 103, "prediction": 0, "model": "KNN", "actual": 0}, {"user": 138, "prediction": 1, "model": "KNN", "actual": 0}, {"user": 174, "prediction": 0, "model": "KNN", "actual": 0}, {"user": 175, "prediction": 1, "model": "KNN", "actual": 1}, {"user": 196, "prediction": 0, "model": "KNN", "actual": 0}, {"user": 152, "prediction": 0, "model": "KNN", "actual": 0}, {"user": 139, "prediction": 1, "model": "KNN", "actual": 0}, {"user": 136, "prediction": 0, "model": "KNN", "actual": 0}, {"user": 118, "prediction": 0, "model": "KNN", "actual": 1}, {"user": 113, "prediction": 0, "model": "KNN", "actual": 0}, {"user": 105, "prediction": 0, "model": "KNN", "actual": 0}, {"user": 140, "prediction": 0, "model": "KNN", "actual": 0}, {"user": 184, "prediction": 1, "model": "KNN", "actual": 0}, {"user": 104, "prediction": 0, "model": "KNN", "actual": 1}, {"user": 164, "prediction": 1, "model": "KNN", "actual": 1}, {"user": 135, "prediction": 0, "model": "KNN", "actual": 0}, {"user": 187, "prediction": 1, "model": "KNN", "actual": 0}, {"user": 134, "prediction": 1, "model": "KNN", "actual": 1}, {"user": 111, "prediction": 0, "model": "KNN", "actual": 0}, {"user": 114, "prediction": 1, "model": "KNN", "actual": 0}, {"user": 108, "prediction": 0, "model": "KNN", "actual": 0}, {"user": 190, "prediction": 0, "model": "KNN", "actual": 1}, {"user": 199, "prediction": 1, "model": "base", "actual": 1}, {"user": 200, "prediction": 1, "model": "base", "actual": 0}, {"user": 121, "prediction": 1, "model": "base", "actual": 1}, {"user": 171, "prediction": 1, "model": "base", "actual": 0}, {"user": 192, "prediction": 1, "model": "base", "actual": 0}, {"user": 132, "prediction": 1, "model": "base", "actual": 0}, {"user": 168, "prediction": 1, "model": "base", "actual": 0}, {"user": 102, "prediction": 1, "model": "base", "actual": 0}, {"user": 197, "prediction": 1, "model": "base", "actual": 1}, {"user": 188, "prediction": 1, "model": "base", "actual": 0}, {"user": 176, "prediction": 1, "model": "base", "actual": 0}, {"user": 157, "prediction": 1, "model": "base", "actual": 1}, {"user": 128, "prediction": 1, "model": "base", "actual": 0}, {"user": 179, "prediction": 1, "model": "base", "actual": 0}, {"user": 162, "prediction": 1, "model": "base", "actual": 1}, {"user": 120, "prediction": 1, "model": "base", "actual": 0}, {"user": 148, "prediction": 1, "model": "base", "actual": 0}, {"user": 177, "prediction": 1, "model": "base", "actual": 0}, {"user": 143, "prediction": 1, "model": "base", "actual": 1}, {"user": 106, "prediction": 1, "model": "base", "actual": 1}, {"user": 165, "prediction": 1, "model": "base", "actual": 0}, {"user": 109, "prediction": 1, "model": "base", "actual": 0}, {"user": 172, "prediction": 1, "model": "base", "actual": 0}, {"user": 130, "prediction": 1, "model": "base", "actual": 0}, {"user": 149, "prediction": 1, "model": "base", "actual": 1}, {"user": 169, "prediction": 1, "model": "base", "actual": 1}, {"user": 126, "prediction": 1, "model": "base", "actual": 0}, {"user": 156, "prediction": 1, "model": "base", "actual": 1}, {"user": 181, "prediction": 1, "model": "base", "actual": 0}, {"user": 193, "prediction": 1, "model": "base", "actual": 0}, {"user": 163, "prediction": 1, "model": "base", "actual": 1}, {"user": 194, "prediction": 1, "model": "base", "actual": 0}, {"user": 110, "prediction": 1, "model": "base", "actual": 0}, {"user": 115, "prediction": 1, "model": "base", "actual": 0}, {"user": 170, "prediction": 1, "model": "base", "actual": 1}, {"user": 107, "prediction": 1, "model": "base", "actual": 1}, {"user": 173, "prediction": 1, "model": "base", "actual": 0}, {"user": 145, "prediction": 1, "model": "base", "actual": 0}, {"user": 141, "prediction": 1, "model": "base", "actual": 0}, {"user": 112, "prediction": 1, "model": "base", "actual": 0}, {"user": 123, "prediction": 1, "model": "base", "actual": 0}, {"user": 158, "prediction": 1, "model": "base", "actual": 1}, {"user": 195, "prediction": 1, "model": "base", "actual": 0}, {"user": 180, "prediction": 1, "model": "base", "actual": 1}, {"user": 101, "prediction": 1, "model": "base", "actual": 0}, {"user": 127, "prediction": 1, "model": "base", "actual": 1}, {"user": 129, "prediction": 1, "model": "base", "actual": 0}, {"user": 131, "prediction": 1, "model": "base", "actual": 0}, {"user": 150, "prediction": 1, "model": "base", "actual": 0}, {"user": 151, "prediction": 1, "model": "base", "actual": 1}]